date,revenue_usd,transactions,sessions,pageviews,channel,device_type
2017-01-01,154.9,5,5,124,Organic Search,desktop
2017-01-01,772.11,6,6,312,Referral,desktop
2017-01-02,38.98,1,1,19,Direct,desktop
2017-01-02,498.58,7,7,250,Organic Search,desktop
2017-01-02,36.98,1,1,22,Organic Search,mobile
2017-01-02,12.98,1,1,47,Paid Search,mobile
2017-01-02,359.08,8,8,130,Referral,desktop
2017-01-03,528.0,7,5,199,Direct,desktop
2017-01-03,214.63,4,4,129,Organic Search,desktop
2017-01-03,164.43,2,2,63,Organic Search,mobile
2017-01-03,23.95,1,1,35,Paid Search,desktop
2017-01-03,2333.77,18,17,552,Referral,desktop
2017-01-04,69.39,1,1,90,Direct,desktop
2017-01-04,74.99,2,1,169,Direct,mobile
2017-01-04,560.78,4,4,97,Organic Search,desktop
2017-01-04,85.98,1,1,28,Organic Search,tablet
2017-01-04,12.99,1,1,26,Paid Search,desktop
2017-01-04,34.97,1,1,27,Paid Search,mobile
2017-01-04,2767.07,21,20,575,Referral,desktop
2017-01-05,5044.92,6,6,160,Direct,desktop
2017-01-05,13.59,1,1,26,Display,desktop
2017-01-05,777.93,12,12,403,Organic Search,desktop
2017-01-05,166.39,3,3,104,Organic Search,mobile
2017-01-05,18.99,1,1,59,Organic Search,tablet
2017-01-05,539.8,1,1,17,Paid Search,desktop
2017-01-05,2298.35,17,17,468,Referral,desktop
2017-01-06,2592.88,8,8,197,Direct,desktop
2017-01-06,147.79,1,1,51,Display,desktop
2017-01-06,201.79,4,4,108,Organic Search,desktop
2017-01-06,56.95,2,2,49,Organic Search,mobile
2017-01-06,166.31,1,1,69,Paid Search,desktop
2017-01-06,1025.52,10,10,247,Referral,desktop
2017-01-07,57.97,1,1,29,Organic Search,desktop
2017-01-07,32.96,1,1,26,Paid Search,desktop
2017-01-07,266.34,6,6,110,Referral,desktop
2017-01-08,10.98,1,1,20,Direct,desktop
2017-01-08,777.12,5,5,155,Organic Search,desktop
2017-01-08,499.3,1,1,27,Paid Search,desktop
2017-01-08,250.9,4,4,113,Referral,desktop
2017-01-09,178.48,3,3,46,Direct,desktop
2017-01-09,1120.89,2,2,77,Direct,mobile
2017-01-09,100.0,1,1,13,Display,desktop
2017-01-09,21.45,1,1,29,Display,mobile
2017-01-09,2508.48,13,12,338,Organic Search,desktop
2017-01-09,71.95,3,3,85,Organic Search,mobile
2017-01-09,2824.27,16,16,435,Referral,desktop
2017-01-10,2281.24,4,4,83,Direct,desktop
2017-01-10,351.56,2,2,51,Display,desktop
2017-01-10,1414.26,5,5,120,Organic Search,desktop
2017-01-10,1813.68,12,12,362,Referral,desktop
2017-01-11,290.92,2,2,53,Direct,desktop
2017-01-11,159.92,1,1,13,Display,desktop
2017-01-11,174.71,4,4,139,Organic Search,desktop
2017-01-11,20.98,1,1,35,Paid Search,desktop
2017-01-11,16.99,1,1,32,Paid Search,tablet
2017-01-11,706.12,9,8,297,Referral,desktop
2017-01-12,1513.47,5,5,150,Direct,desktop
2017-01-12,1137.35,1,1,34,Direct,mobile
2017-01-12,49.22,2,2,77,Display,desktop
2017-01-12,43.98,2,2,51,Organic Search,mobile
2017-01-12,1348.49,12,12,341,Referral,desktop
2017-01-13,71.05,3,3,46,Direct,desktop
2017-01-13,167.97,1,1,26,Direct,mobile
2017-01-13,124.77,1,1,19,Display,desktop
2017-01-13,30.46,1,1,26,Display,mobile
2017-01-13,441.04,5,5,141,Organic Search,desktop
2017-01-13,17.99,1,1,14,Paid Search,desktop
2017-01-13,2243.34,14,14,374,Referral,desktop
2017-01-13,72.98,2,2,33,Social,desktop
2017-01-14,111.16,1,1,53,Display,desktop
2017-01-14,194.93,1,1,42,Display,mobile
2017-01-14,172.91,4,4,110,Organic Search,desktop
2017-01-14,25.96,3,3,79,Organic Search,mobile
2017-01-14,27.17,2,2,44,Referral,desktop
2017-01-15,19.99,1,1,14,Organic Search,desktop
2017-01-15,45.92,3,3,74,Organic Search,mobile
2017-01-15,15.98,1,1,8,Organic Search,tablet
2017-01-15,16.99,1,1,22,Paid Search,mobile
2017-01-16,940.13,2,2,95,Direct,desktop
2017-01-16,148.41,4,4,138,Organic Search,desktop
2017-01-16,12.99,1,1,25,Organic Search,mobile
2017-01-16,110.97,1,1,39,Paid Search,mobile
2017-01-16,1509.14,5,5,235,Referral,desktop
2017-01-17,909.26,7,7,224,Direct,desktop
2017-01-17,101.4,2,2,70,Direct,mobile
2017-01-17,50.34,1,1,35,Display,desktop
2017-01-17,1046.82,9,9,214,Organic Search,desktop
2017-01-17,72.92,3,3,50,Organic Search,mobile
2017-01-17,1313.75,10,10,257,Referral,desktop
2017-01-18,2341.55,5,5,164,Direct,desktop
2017-01-18,51.97,1,1,25,Display,desktop
2017-01-18,961.29,10,10,272,Organic Search,desktop
2017-01-18,213.94,1,1,30,Organic Search,mobile
2017-01-18,164.84,1,1,46,Paid Search,desktop
2017-01-18,3201.54,19,17,410,Referral,desktop
2017-01-18,3.98,1,1,29,Social,desktop
2017-01-19,119.92,2,2,115,Direct,desktop
2017-01-19,1034.55,1,1,66,Direct,mobile
2017-01-19,71.97,1,1,17,Display,desktop
2017-01-19,57.46,3,3,97,Organic Search,desktop
2017-01-19,154.97,1,1,24,Organic Search,mobile
2017-01-19,181.9,1,1,35,Organic Search,tablet
2017-01-19,16.99,1,1,10,Paid Search,desktop
2017-01-19,1292.21,17,17,408,Referral,desktop
2017-01-20,270.08,2,2,70,Direct,desktop
2017-01-20,111.98,1,1,16,Display,desktop
2017-01-20,927.15,5,5,203,Organic Search,desktop
2017-01-20,90.98,1,1,20,Organic Search,mobile
2017-01-20,26.31,2,1,28,Paid Search,desktop
2017-01-20,996.09,9,8,258,Referral,desktop
2017-01-21,433.79,2,2,15,Organic Search,desktop
2017-01-21,72.94,2,2,63,Organic Search,mobile
2017-01-21,163.47,3,3,78,Paid Search,desktop
2017-01-21,230.35,4,4,102,Referral,desktop
2017-01-22,32.46,2,2,43,Direct,desktop
2017-01-22,18.99,1,1,22,Organic Search,desktop
2017-01-22,52.97,1,1,29,Organic Search,mobile
2017-01-22,15.19,1,1,15,Paid Search,desktop
2017-01-22,1223.53,5,5,242,Referral,desktop
2017-01-23,161.34,4,4,83,Direct,desktop
2017-01-23,116.76,2,2,39,Display,desktop
2017-01-23,413.64,3,3,85,Organic Search,desktop
2017-01-23,143.86,6,6,139,Organic Search,mobile
2017-01-23,103.92,1,1,37,Organic Search,tablet
2017-01-23,28.98,1,1,29,Paid Search,desktop
2017-01-23,1821.04,10,10,204,Referral,desktop
2017-01-24,2342.74,7,7,130,Direct,desktop
2017-01-24,6.99,1,1,12,Direct,mobile
2017-01-24,197.68,4,4,108,Organic Search,desktop
2017-01-24,154.96,3,3,64,Organic Search,mobile
2017-01-24,199.9,1,1,12,Paid Search,desktop
2017-01-24,12.99,1,1,14,Paid Search,mobile
2017-01-24,1928.78,11,11,295,Referral,desktop
2017-01-25,579.66,6,6,176,Direct,desktop
2017-01-25,100.95,3,3,38,Direct,mobile
2017-01-25,11.48,1,1,36,Direct,tablet
2017-01-25,44.0,1,1,12,Display,desktop
2017-01-25,718.36,9,9,282,Organic Search,desktop
2017-01-25,19.98,2,2,24,Organic Search,mobile
2017-01-25,20.49,1,1,26,Paid Search,mobile
2017-01-25,1183.5,11,11,207,Referral,desktop
2017-01-26,396.04,3,3,90,Direct,desktop
2017-01-26,25.95,2,2,23,Direct,mobile
2017-01-26,593.91,1,1,33,Display,desktop
2017-01-26,361.27,5,5,115,Organic Search,desktop
2017-01-26,10.99,1,1,10,Organic Search,mobile
2017-01-26,2327.04,16,15,528,Referral,desktop
2017-01-27,1615.09,3,3,102,Direct,desktop
2017-01-27,12.99,1,1,17,Direct,tablet
2017-01-27,63.96,2,2,61,Organic Search,desktop
2017-01-27,29.85,2,2,83,Organic Search,mobile
2017-01-27,29.98,1,1,52,Paid Search,desktop
2017-01-27,1872.11,13,12,319,Referral,desktop
2017-01-28,27.98,1,1,20,Direct,desktop
2017-01-28,26.98,1,1,17,Organic Search,desktop
2017-01-28,15.58,2,2,45,Referral,desktop
2017-01-29,1349.46,3,3,87,Direct,desktop
2017-01-29,368.02,6,6,197,Organic Search,desktop
2017-01-29,59.23,2,2,94,Organic Search,mobile
2017-01-29,18.99,1,1,29,Organic Search,tablet
2017-01-29,193.9,2,2,73,Paid Search,desktop
2017-01-29,423.4,4,4,79,Referral,desktop
2017-01-29,102.93,1,1,28,Social,mobile
2017-01-30,1135.91,9,8,293,Direct,desktop
2017-01-30,5.97,1,1,21,Direct,mobile
2017-01-30,369.8,1,1,21,Display,desktop
2017-01-30,935.18,10,10,247,Organic Search,desktop
2017-01-30,81.47,2,2,58,Paid Search,desktop
2017-01-30,1081.15,11,11,359,Referral,desktop
2017-01-31,1511.77,4,4,116,Direct,desktop
2017-01-31,6.99,1,1,9,Direct,mobile
2017-01-31,39.97,1,1,29,Display,desktop
2017-01-31,2583.89,6,5,208,Organic Search,desktop
2017-01-31,157.95,3,3,65,Organic Search,mobile
2017-01-31,3284.29,24,23,632,Referral,desktop
2017-01-31,53.95,2,2,43,Social,desktop
2017-02-01,2170.07,10,8,311,Direct,desktop
2017-02-01,1074.9,8,8,217,Organic Search,desktop
2017-02-01,12.99,2,1,54,Organic Search,mobile
2017-02-01,19.98,1,1,48,Organic Search,tablet
2017-02-01,1973.84,8,8,219,Referral,desktop
2017-02-01,20.98,1,1,24,Social,desktop
2017-02-02,602.05,5,5,141,Direct,desktop
2017-02-02,187.65,1,1,25,Display,desktop
2017-02-02,1391.04,9,8,277,Organic Search,desktop
2017-02-02,69.45,4,4,86,Organic Search,mobile
2017-02-02,72.98,1,1,21,Organic Search,tablet
2017-02-02,12.48,1,1,34,Paid Search,desktop
2017-02-02,680.15,6,6,107,Referral,desktop
2017-02-03,2049.96,5,5,124,Direct,desktop
2017-02-03,18.99,1,1,10,Direct,mobile
2017-02-03,588.88,8,8,358,Organic Search,desktop
2017-02-03,132.93,2,2,70,Organic Search,mobile
2017-02-03,1793.22,13,13,406,Referral,desktop
2017-02-04,12.97,1,1,33,Direct,desktop
2017-02-04,72.93,3,3,72,Organic Search,desktop
2017-02-04,202.93,4,4,122,Organic Search,mobile
2017-02-04,672.5,6,6,203,Referral,desktop
2017-02-05,55.99,1,1,15,Direct,mobile
2017-02-05,112.44,3,3,76,Organic Search,desktop
2017-02-05,28.95,2,2,40,Organic Search,mobile
2017-02-05,565.26,6,6,199,Referral,desktop
2017-02-06,1507.74,5,5,120,Direct,desktop
2017-02-06,459.92,8,8,251,Organic Search,desktop
2017-02-06,85.95,2,2,67,Organic Search,mobile
2017-02-06,24.99,1,1,23,Paid Search,desktop
2017-02-06,1430.69,12,12,360,Referral,desktop
2017-02-07,1375.76,3,3,52,Direct,desktop
2017-02-07,145.93,2,2,51,Direct,mobile
2017-02-07,537.46,7,7,240,Organic Search,desktop
2017-02-07,24.99,1,1,13,Organic Search,mobile
2017-02-07,31.97,1,1,19,Organic Search,tablet
2017-02-07,1692.79,8,8,172,Referral,desktop
2017-02-07,74.97,1,1,41,Social,desktop
2017-02-08,822.87,3,3,68,Direct,desktop
2017-02-08,1.5,1,1,18,Direct,mobile
2017-02-08,1542.51,8,8,228,Organic Search,desktop
2017-02-08,38.97,3,3,41,Organic Search,mobile
2017-02-08,27.97,2,2,43,Paid Search,desktop
2017-02-08,300.56,7,7,175,Referral,desktop
2017-02-09,2951.38,4,4,79,Direct,desktop
2017-02-09,23.98,1,1,26,Display,desktop
2017-02-09,1082.86,9,9,217,Organic Search,desktop
2017-02-09,1534.93,15,14,378,Referral,desktop
2017-02-10,21.99,1,1,17,Affiliates,desktop
2017-02-10,2463.85,6,6,222,Direct,desktop
2017-02-10,91.9,3,3,63,Organic Search,desktop
2017-02-10,18.99,1,1,25,Organic Search,tablet
2017-02-10,55.99,1,1,15,Paid Search,mobile
2017-02-10,2232.35,12,12,359,Referral,desktop
2017-02-11,124.98,2,2,33,Direct,desktop
2017-02-11,3.98,1,1,27,Direct,mobile
2017-02-11,231.62,3,3,61,Organic Search,desktop
2017-02-11,332.85,3,3,92,Organic Search,mobile
2017-02-11,59.99,1,1,19,Referral,desktop
2017-02-12,67.95,3,2,121,Direct,desktop
2017-02-12,212.83,5,5,161,Organic Search,desktop
2017-02-12,18.99,1,1,13,Organic Search,mobile
2017-02-12,32.97,1,1,21,Paid Search,desktop
2017-02-12,397.42,7,7,160,Referral,desktop
2017-02-13,2104.99,8,8,287,Direct,desktop
2017-02-13,601.72,10,10,225,Organic Search,desktop
2017-02-13,23.99,1,1,35,Paid Search,desktop
2017-02-13,802.35,11,11,285,Referral,desktop
2017-02-14,19964.34,19,19,438,Direct,desktop
2017-02-14,293.59,3,3,54,Display,desktop
2017-02-14,685.4,8,8,181,Organic Search,desktop
2017-02-14,62.92,1,1,62,Organic Search,mobile
2017-02-14,42.85,1,1,40,Paid Search,desktop
2017-02-14,1979.27,19,19,471,Referral,desktop
2017-02-15,1838.43,9,9,269,Direct,desktop
2017-02-15,221.51,1,1,53,Display,desktop
2017-02-15,776.2,7,7,361,Organic Search,desktop
2017-02-15,63.56,2,2,60,Paid Search,desktop
2017-02-15,651.77,8,8,222,Referral,desktop
2017-02-16,1029.3,4,4,59,Direct,desktop
2017-02-16,45.97,1,1,42,Direct,mobile
2017-02-16,41.99,1,1,15,Direct,tablet
2017-02-16,452.43,1,1,21,Display,desktop
2017-02-16,559.53,12,10,336,Organic Search,desktop
2017-02-16,71.47,2,2,35,Organic Search,mobile
2017-02-16,23.96,1,1,36,Organic Search,tablet
2017-02-16,27.98,1,1,31,Paid Search,mobile
2017-02-16,3372.8,9,9,263,Referral,desktop
2017-02-16,52.58,2,2,28,Social,desktop
2017-02-17,1454.58,32,31,541,Direct,desktop
2017-02-17,87.56,3,3,65,Organic Search,desktop
2017-02-17,33.98,1,1,27,Organic Search,mobile
2017-02-17,182.74,3,3,55,Paid Search,desktop
2017-02-17,83.98,1,1,17,Paid Search,mobile
2017-02-17,1918.35,24,23,452,Referral,desktop
2017-02-17,206.89,5,5,96,Social,desktop
2017-02-18,3.5,1,1,11,Direct,desktop
2017-02-18,18.99,1,1,16,Direct,mobile
2017-02-18,51.44,2,2,69,Organic Search,desktop
2017-02-18,20.98,2,2,23,Organic Search,mobile
2017-02-18,42.0,1,1,20,Paid Search,desktop
2017-02-18,302.98,6,6,166,Referral,desktop
2017-02-19,159.94,7,1,87,Direct,desktop
2017-02-19,30.95,1,1,39,Direct,mobile
2017-02-19,46.37,1,1,7,Display,desktop
2017-02-19,404.89,3,3,114,Organic Search,desktop
2017-02-19,69.93,2,2,67,Organic Search,mobile
2017-02-19,140.97,2,2,118,Paid Search,desktop
2017-02-19,132.73,2,2,80,Referral,desktop
2017-02-19,61.93,2,2,60,Social,desktop
2017-02-19,3.98,1,1,23,Social,mobile
2017-02-20,3263.73,4,4,136,Direct,desktop
2017-02-20,3.98,1,1,15,Direct,mobile
2017-02-20,156.3,4,4,71,Organic Search,desktop
2017-02-20,18.99,1,1,18,Organic Search,mobile
2017-02-20,106.36,1,1,57,Paid Search,desktop
2017-02-20,702.07,11,10,328,Referral,desktop
2017-02-21,3069.72,9,9,241,Direct,desktop
2017-02-21,17.98,1,1,12,Direct,mobile
2017-02-21,1296.76,5,5,138,Organic Search,desktop
2017-02-21,34.97,1,1,37,Organic Search,mobile
2017-02-21,675.45,2,2,65,Paid Search,desktop
2017-02-21,1250.02,7,7,197,Referral,desktop
2017-02-22,2371.92,7,6,183,Direct,desktop
2017-02-22,652.75,15,14,304,Organic Search,desktop
2017-02-22,53.96,1,1,25,Organic Search,mobile
2017-02-22,18.48,1,1,42,Paid Search,mobile
2017-02-22,719.67,12,12,279,Referral,desktop
2017-02-23,62.1,2,2,30,Direct,desktop
2017-02-23,35.98,1,1,28,Direct,mobile
2017-02-23,560.91,13,12,405,Organic Search,desktop
2017-02-23,46.97,2,2,41,Organic Search,mobile
2017-02-23,140.72,1,1,50,Paid Search,desktop
2017-02-23,2262.68,13,12,343,Referral,desktop
2017-02-24,1736.88,6,6,217,Direct,desktop
2017-02-24,857.66,9,9,293,Organic Search,desktop
2017-02-24,1586.06,11,10,409,Referral,desktop
2017-02-25,29.98,2,2,34,Direct,desktop
2017-02-25,10.97,2,2,53,Organic Search,desktop
2017-02-25,694.38,7,7,171,Referral,desktop
2017-02-25,99.99,1,1,26,Referral,tablet
2017-02-26,200.0,2,2,55,Organic Search,desktop
2017-02-26,36.41,2,2,53,Organic Search,mobile
2017-02-26,384.34,5,5,156,Referral,desktop
2017-02-27,171.5,6,6,114,Direct,desktop
2017-02-27,16.99,1,1,20,Direct,mobile
2017-02-27,298.34,1,1,39,Display,desktop
2017-02-27,527.77,6,6,215,Organic Search,desktop
2017-02-27,87.96,3,3,108,Organic Search,mobile
2017-02-27,682.4,1,1,52,Paid Search,desktop
2017-02-27,1413.23,9,9,213,Referral,desktop
2017-02-28,988.54,5,5,109,Direct,desktop
2017-02-28,1193.29,4,3,88,Direct,mobile
2017-02-28,59.99,1,1,21,Display,desktop
2017-02-28,1140.34,12,10,292,Organic Search,desktop
2017-02-28,78.27,1,1,50,Organic Search,mobile
2017-02-28,1002.35,9,9,204,Referral,desktop
2017-03-01,1488.16,6,6,186,Direct,desktop
2017-03-01,1694.89,10,10,266,Organic Search,desktop
2017-03-01,83.97,2,2,49,Organic Search,mobile
2017-03-01,969.31,14,14,416,Referral,desktop
2017-03-02,1856.52,5,5,170,Direct,desktop
2017-03-02,404.29,23,12,428,Organic Search,desktop
2017-03-02,172.94,4,3,74,Organic Search,mobile
2017-03-02,7.98,1,1,26,Paid Search,desktop
2017-03-02,629.81,6,6,167,Referral,desktop
2017-03-03,431.21,4,4,148,Direct,desktop
2017-03-03,54.98,1,1,12,Direct,mobile
2017-03-03,564.25,10,9,202,Organic Search,desktop
2017-03-03,1754.65,12,11,321,Referral,desktop
2017-03-04,197.78,47,3,855,Direct,desktop
2017-03-04,262.12,11,10,332,Organic Search,desktop
2017-03-04,14.97,2,2,69,Organic Search,mobile
2017-03-04,108.84,2,2,64,Paid Search,desktop
2017-03-04,757.11,8,8,257,Referral,desktop
2017-03-04,112.95,10,1,182,Social,desktop
2017-03-05,7.97,1,1,47,Affiliates,mobile
2017-03-05,62.46,3,3,59,Direct,desktop
2017-03-05,877.59,6,6,177,Organic Search,desktop
2017-03-05,186.92,4,4,183,Organic Search,mobile
2017-03-05,1.99,1,1,26,Organic Search,tablet
2017-03-05,95.98,2,2,26,Paid Search,desktop
2017-03-05,522.17,11,10,355,Referral,desktop
2017-03-05,151.97,2,1,100,Social,desktop
2017-03-06,514.75,5,4,89,Direct,desktop
2017-03-06,229.13,2,2,60,Display,desktop
2017-03-06,1249.4,12,9,305,Organic Search,desktop
2017-03-06,115.43,3,3,66,Organic Search,mobile
2017-03-06,1325.28,12,12,365,Referral,desktop
2017-03-07,760.88,4,4,81,Direct,desktop
2017-03-07,11.96,1,1,8,Direct,mobile
2017-03-07,431.62,9,9,221,Organic Search,desktop
2017-03-07,24.99,1,1,16,Organic Search,mobile
2017-03-07,40.97,2,2,25,Paid Search,desktop
2017-03-07,4988.21,17,17,456,Referral,desktop
2017-03-07,18.99,1,1,17,Social,desktop
2017-03-08,1713.8,8,7,177,Direct,desktop
2017-03-08,1226.88,9,9,252,Organic Search,desktop
2017-03-08,10.99,1,1,17,Organic Search,mobile
2017-03-08,27.97,1,1,32,Organic Search,tablet
2017-03-08,679.11,7,6,184,Referral,desktop
2017-03-09,1319.76,5,4,105,Direct,desktop
2017-03-09,89.58,1,1,17,Display,desktop
2017-03-09,198.21,5,5,165,Organic Search,desktop
2017-03-09,142.42,2,2,160,Organic Search,mobile
2017-03-09,2244.62,17,16,381,Referral,desktop
2017-03-10,698.09,5,5,203,Direct,desktop
2017-03-10,17.94,2,2,45,Direct,mobile
2017-03-10,1207.45,7,7,167,Organic Search,desktop
2017-03-10,2492.89,17,17,364,Referral,desktop
2017-03-10,250.0,1,1,81,Referral,mobile
2017-03-11,49.95,1,1,10,Direct,desktop
2017-03-11,155.82,3,3,159,Organic Search,desktop
2017-03-11,21.98,1,1,23,Organic Search,mobile
2017-03-11,697.51,8,8,252,Referral,desktop
2017-03-12,21.98,2,2,41,Direct,desktop
2017-03-12,105.91,4,4,107,Organic Search,desktop
2017-03-12,31.93,1,1,24,Organic Search,mobile
2017-03-12,416.47,5,4,121,Referral,desktop
2017-03-13,1913.33,8,8,260,Direct,desktop
2017-03-13,18.99,1,1,18,Direct,mobile
2017-03-13,1512.02,10,10,339,Organic Search,desktop
2017-03-13,1463.01,17,16,370,Referral,desktop
2017-03-14,764.06,4,4,73,Direct,desktop
2017-03-14,1130.68,12,12,411,Organic Search,desktop
2017-03-14,262.93,4,4,66,Organic Search,mobile
2017-03-14,638.74,12,11,295,Referral,desktop
2017-03-14,125.95,8,1,179,Social,desktop
2017-03-15,1227.09,4,4,113,Direct,desktop
2017-03-15,1770.62,11,11,359,Organic Search,desktop
2017-03-15,10.99,1,1,14,Organic Search,mobile
2017-03-15,129.84,2,2,63,Paid Search,desktop
2017-03-15,3367.69,13,13,360,Referral,desktop
2017-03-16,29.49,1,1,21,Direct,mobile
2017-03-16,1623.29,14,14,370,Organic Search,desktop
2017-03-16,76.08,2,2,36,Paid Search,mobile
2017-03-16,2304.81,12,12,287,Referral,desktop
2017-03-17,341.43,3,3,62,Direct,desktop
2017-03-17,33.98,1,1,20,Direct,mobile
2017-03-17,743.33,7,7,199,Organic Search,desktop
2017-03-17,18.99,1,1,24,Organic Search,mobile
2017-03-17,76.99,1,1,35,Organic Search,tablet
2017-03-17,457.1,2,2,56,Paid Search,desktop
2017-03-17,1393.32,16,16,433,Referral,desktop
2017-03-18,21.99,1,1,17,Direct,desktop
2017-03-18,31.97,2,2,28,Direct,mobile
2017-03-18,587.89,5,5,171,Organic Search,desktop
2017-03-18,74.98,1,1,44,Paid Search,desktop
2017-03-18,475.38,14,8,543,Referral,desktop
2017-03-19,638.19,2,2,132,Direct,desktop
2017-03-19,7.99,1,1,33,Direct,mobile
2017-03-19,531.59,7,7,276,Organic Search,desktop
2017-03-19,572.96,7,7,191,Referral,desktop
2017-03-20,4167.53,12,6,553,Direct,desktop
2017-03-20,1237.0,15,15,389,Organic Search,desktop
2017-03-20,103.94,3,2,149,Paid Search,desktop
2017-03-20,1302.93,12,12,303,Referral,desktop
2017-03-21,2199.62,6,6,270,Direct,desktop
2017-03-21,764.33,9,9,215,Organic Search,desktop
2017-03-21,39.98,1,1,14,Organic Search,mobile
2017-03-21,2444.85,17,17,474,Referral,desktop
2017-03-22,1328.65,8,7,179,Direct,desktop
2017-03-22,35.97,2,2,34,Direct,mobile
2017-03-22,1104.88,11,10,329,Organic Search,desktop
2017-03-22,12.97,2,2,54,Organic Search,mobile
2017-03-22,3640.02,19,16,475,Referral,desktop
2017-03-23,3269.74,5,5,162,Direct,desktop
2017-03-23,4455.17,7,7,156,Organic Search,desktop
2017-03-23,43.96,1,1,45,Organic Search,mobile
2017-03-23,1437.68,12,11,357,Referral,desktop
2017-03-24,207.68,2,2,39,Direct,desktop
2017-03-24,8677.83,1,1,39,Display,desktop
2017-03-24,746.96,8,8,212,Organic Search,desktop
2017-03-24,113.97,2,2,71,Organic Search,mobile
2017-03-24,18.99,1,1,17,Organic Search,tablet
2017-03-24,87.99,1,1,12,Paid Search,desktop
2017-03-24,1237.96,15,15,407,Referral,desktop
2017-03-25,35.98,1,1,27,Direct,mobile
2017-03-25,324.83,7,6,155,Organic Search,desktop
2017-03-25,99.99,1,1,20,Organic Search,mobile
2017-03-25,27.98,1,1,60,Organic Search,tablet
2017-03-25,375.55,4,4,136,Referral,desktop
2017-03-26,897.27,5,5,140,Direct,desktop
2017-03-26,89.93,3,3,111,Organic Search,desktop
2017-03-26,76.99,1,1,21,Organic Search,mobile
2017-03-26,415.58,5,5,144,Referral,desktop
2017-03-27,2757.48,5,5,123,Direct,desktop
2017-03-27,1818.27,15,15,311,Organic Search,desktop
2017-03-27,75.45,2,2,41,Organic Search,mobile
2017-03-27,1598.8,24,24,516,Referral,desktop
2017-03-28,4794.99,12,12,310,Direct,desktop
2017-03-28,813.88,8,8,166,Organic Search,desktop
2017-03-28,67.96,3,3,38,Organic Search,mobile
2017-03-28,2764.3,21,21,402,Referral,desktop
2017-03-29,3413.99,13,13,313,Direct,desktop
2017-03-29,1.99,1,1,20,Direct,mobile
2017-03-29,1884.33,13,12,424,Organic Search,desktop
2017-03-29,10.99,1,1,24,Paid Search,desktop
2017-03-29,858.21,22,22,365,Referral,desktop
2017-03-30,1119.15,5,5,105,Direct,desktop
2017-03-30,21.98,1,1,10,Direct,mobile
2017-03-30,161.16,2,2,59,Display,desktop
2017-03-30,555.61,15,15,405,Organic Search,desktop
2017-03-30,38.37,1,1,18,Paid Search,desktop
2017-03-30,17.98,1,1,15,Paid Search,mobile
2017-03-30,2367.16,13,13,345,Referral,desktop
2017-03-31,129.97,1,1,18,Direct,desktop
2017-03-31,544.08,2,1,36,Direct,mobile
2017-03-31,1804.46,7,7,232,Organic Search,desktop
2017-03-31,113.93,2,2,55,Organic Search,mobile
2017-03-31,820.74,6,6,154,Referral,desktop
2017-04-01,76.96,3,3,49,Direct,desktop
2017-04-01,80.78,5,5,107,Organic Search,desktop
2017-04-01,224.32,4,4,115,Referral,desktop
2017-04-02,192.82,3,2,79,Direct,desktop
2017-04-02,10.99,1,1,16,Direct,mobile
2017-04-02,33.53,3,3,62,Organic Search,desktop
2017-04-02,8.99,1,1,13,Organic Search,mobile
2017-04-02,21.99,1,1,25,Organic Search,tablet
2017-04-02,649.72,5,5,130,Referral,desktop
2017-04-03,204.16,1,1,32,Direct,desktop
2017-04-03,19.99,1,1,18,Display,desktop
2017-04-03,1491.64,11,11,392,Organic Search,desktop
2017-04-03,63.29,4,4,76,Organic Search,mobile
2017-04-03,1239.53,3,3,98,Paid Search,desktop
2017-04-03,1523.81,16,16,335,Referral,desktop
2017-04-04,1215.0,2,2,26,Direct,desktop
2017-04-04,8.99,1,1,10,Direct,mobile
2017-04-04,712.25,10,10,234,Organic Search,desktop
2017-04-04,112.97,2,2,36,Organic Search,mobile
2017-04-04,63.46,1,1,14,Organic Search,tablet
2017-04-04,254.35,2,2,48,Paid Search,desktop
2017-04-04,1644.92,20,20,496,Referral,desktop
2017-04-04,8.99,1,1,11,Social,desktop
2017-04-05,368.02,2,2,40,Direct,desktop
2017-04-05,51.96,2,2,35,Direct,mobile
2017-04-05,23129.5,2,1,40,Display,desktop
2017-04-05,1119.14,14,11,292,Organic Search,desktop
2017-04-05,16.99,1,1,15,Organic Search,mobile
2017-04-05,161.13,2,2,43,Paid Search,desktop
2017-04-05,2303.87,14,13,331,Referral,desktop
2017-04-06,441.2,8,7,186,Direct,desktop
2017-04-06,465.53,8,8,169,Organic Search,desktop
2017-04-06,55.94,2,2,35,Organic Search,mobile
2017-04-06,45.28,1,1,41,Organic Search,tablet
2017-04-06,1523.18,1,1,48,Paid Search,desktop
2017-04-06,3332.36,22,22,469,Referral,desktop
2017-04-07,395.18,4,4,86,Direct,desktop
2017-04-07,109.98,1,1,11,Direct,mobile
2017-04-07,9849.16,2,2,167,Display,desktop
2017-04-07,1058.94,11,11,267,Organic Search,desktop
2017-04-07,231.71,4,4,84,Organic Search,mobile
2017-04-07,2056.44,22,21,524,Referral,desktop
2017-04-08,34.99,1,1,15,Direct,desktop
2017-04-08,21.25,1,1,21,Direct,tablet
2017-04-08,445.15,7,7,171,Organic Search,desktop
2017-04-08,90.95,2,2,44,Organic Search,mobile
2017-04-08,756.61,7,7,261,Referral,desktop
2017-04-09,533.62,2,2,35,Direct,desktop
2017-04-09,482.48,3,3,42,Organic Search,desktop
2017-04-09,26.98,1,1,22,Organic Search,mobile
2017-04-09,445.68,4,4,122,Referral,desktop
2017-04-10,160.8,2,2,128,Direct,desktop
2017-04-10,8.99,1,1,12,Direct,mobile
2017-04-10,1623.67,9,9,368,Organic Search,desktop
2017-04-10,33.98,1,1,22,Organic Search,mobile
2017-04-10,107.97,1,1,28,Organic Search,tablet
2017-04-10,3025.2,23,22,471,Referral,desktop
2017-04-11,374.0,1,1,29,Direct,desktop
2017-04-11,33.98,1,1,17,Direct,mobile
2017-04-11,760.58,12,12,359,Organic Search,desktop
2017-04-11,1748.32,14,14,340,Referral,desktop
2017-04-11,16.68,1,1,36,Social,desktop
2017-04-12,754.12,8,7,170,Direct,desktop
2017-04-12,38.94,2,2,22,Direct,mobile
2017-04-12,726.7,10,10,337,Organic Search,desktop
2017-04-12,133.42,3,3,47,Organic Search,mobile
2017-04-12,159.64,3,3,65,Paid Search,desktop
2017-04-12,1815.83,22,20,527,Referral,desktop
2017-04-13,1487.23,9,9,184,Direct,desktop
2017-04-13,192.71,1,1,25,Display,desktop
2017-04-13,572.55,5,5,98,Organic Search,desktop
2017-04-13,28.53,2,2,41,Organic Search,mobile
2017-04-13,13.99,1,1,24,Organic Search,tablet
2017-04-13,3293.52,19,18,346,Referral,desktop
2017-04-13,39.19,1,1,13,Social,desktop
2017-04-14,2885.61,6,6,109,Direct,desktop
2017-04-14,1.99,1,1,14,Direct,mobile
2017-04-14,659.96,8,7,193,Organic Search,desktop
2017-04-14,42.97,3,3,65,Organic Search,mobile
2017-04-14,119.97,1,1,33,Paid Search,mobile
2017-04-14,1210.28,21,20,473,Referral,desktop
2017-04-14,15.96,1,1,13,Social,desktop
2017-04-15,7.96,1,1,14,Direct,tablet
2017-04-15,200.56,4,4,146,Organic Search,desktop
2017-04-15,89.76,2,2,44,Referral,desktop
2017-04-16,12.31,1,1,7,Direct,desktop
2017-04-16,118.93,2,2,37,Organic Search,desktop
2017-04-16,16.99,1,1,16,Organic Search,mobile
2017-04-16,18.99,1,1,14,Organic Search,tablet
2017-04-16,911.6,10,8,232,Referral,desktop
2017-04-16,11.97,1,1,8,Social,desktop
2017-04-17,1511.59,11,10,185,Direct,desktop
2017-04-17,33.97,2,2,33,Direct,mobile
2017-04-17,1786.38,8,8,253,Organic Search,desktop
2017-04-17,18.99,1,1,17,Organic Search,tablet
2017-04-17,5239.16,16,16,395,Referral,desktop
2017-04-18,9.99,1,1,16,(Other),mobile
2017-04-18,715.71,2,2,36,Direct,desktop
2017-04-18,8.98,1,1,9,Direct,tablet
2017-04-18,5614.44,3,1,56,Display,desktop
2017-04-18,1433.24,14,14,388,Organic Search,desktop
2017-04-18,184.15,3,3,47,Organic Search,mobile
2017-04-18,157.41,1,1,18,Paid Search,mobile
2017-04-18,2916.01,23,23,444,Referral,desktop
2017-04-18,72.75,1,1,50,Social,desktop
2017-04-19,702.94,6,6,147,Direct,desktop
2017-04-19,3670.92,1,1,52,Display,desktop
2017-04-19,687.68,13,12,315,Organic Search,desktop
2017-04-19,41.77,3,3,55,Organic Search,mobile
2017-04-19,27.98,1,1,46,Organic Search,tablet
2017-04-19,1444.86,15,14,337,Referral,desktop
2017-04-19,28.95,1,1,32,Social,desktop
2017-04-20,316.85,4,4,81,Direct,desktop
2017-04-20,1198.04,18,18,460,Organic Search,desktop
2017-04-20,55.99,1,1,8,Organic Search,mobile
2017-04-20,579.55,1,1,57,Paid Search,desktop
2017-04-20,12.99,1,1,21,Paid Search,mobile
2017-04-20,1899.94,14,14,347,Referral,desktop
2017-04-21,1613.51,6,6,121,Direct,desktop
2017-04-21,1021.14,12,12,242,Organic Search,desktop
2017-04-21,4937.42,26,24,634,Referral,desktop
2017-04-22,98.88,2,2,51,Direct,desktop
2017-04-22,38.97,2,2,45,Organic Search,desktop
2017-04-22,71.47,2,2,45,Organic Search,mobile
2017-04-22,31.27,2,2,54,Organic Search,tablet
2017-04-22,1618.12,7,7,197,Referral,desktop
2017-04-23,89.74,3,3,75,Direct,desktop
2017-04-23,234.22,3,3,162,Organic Search,desktop
2017-04-23,25.97,1,1,39,Organic Search,mobile
2017-04-23,10.5,1,1,9,Paid Search,desktop
2017-04-23,566.5,4,4,121,Referral,desktop
2017-04-24,776.19,4,4,127,Direct,desktop
2017-04-24,429.34,6,6,177,Organic Search,desktop
2017-04-24,21.99,1,1,22,Organic Search,mobile
2017-04-24,46.98,1,1,18,Paid Search,desktop
2017-04-24,1065.24,13,12,322,Referral,desktop
2017-04-25,1441.05,7,7,154,Direct,desktop
2017-04-25,678.68,7,7,208,Organic Search,desktop
2017-04-25,42.97,2,2,36,Organic Search,mobile
2017-04-25,772.18,17,17,332,Referral,desktop
2017-04-26,297.27,6,6,136,Direct,desktop
2017-04-26,38.98,2,1,30,Direct,mobile
2017-04-26,1655.18,12,12,334,Organic Search,desktop
2017-04-26,101.71,3,3,95,Organic Search,mobile
2017-04-26,109.37,1,1,12,Paid Search,desktop
2017-04-26,2939.77,19,19,382,Referral,desktop
2017-04-27,5041.26,7,6,123,Direct,desktop
2017-04-27,144.95,2,2,73,Direct,mobile
2017-04-27,1000.2,8,8,227,Organic Search,desktop
2017-04-27,8.98,1,1,41,Organic Search,mobile
2017-04-27,41.27,1,1,35,Organic Search,tablet
2017-04-27,27.18,1,1,11,Paid Search,desktop
2017-04-27,10564.7,23,23,483,Referral,desktop
2017-04-28,3033.75,32,31,591,Direct,desktop
2017-04-28,25.99,1,1,31,Direct,mobile
2017-04-28,329.41,5,5,140,Organic Search,desktop
2017-04-28,118.98,2,2,40,Paid Search,mobile
2017-04-28,712.7,19,16,327,Referral,desktop
2017-04-28,134.36,4,4,78,Social,desktop
2017-04-29,67.18,2,2,35,Direct,desktop
2017-04-29,308.76,5,5,110,Organic Search,desktop
2017-04-29,29.97,2,2,41,Organic Search,mobile
2017-04-29,179.12,3,3,69,Paid Search,desktop
2017-04-29,14.69,1,1,19,Paid Search,mobile
2017-04-29,410.62,7,7,148,Referral,desktop
2017-04-30,384.44,8,8,124,Direct,desktop
2017-04-30,43.38,1,1,63,Direct,tablet
2017-04-30,236.09,1,1,30,Display,desktop
2017-04-30,1155.09,5,5,117,Organic Search,desktop
2017-04-30,10.99,1,1,37,Organic Search,mobile
2017-04-30,21.28,2,2,47,Paid Search,desktop
2017-04-30,704.6,9,9,234,Referral,desktop
2017-05-01,2390.01,35,35,668,Direct,desktop
2017-05-01,1.99,1,1,37,Direct,mobile
2017-05-01,8.99,1,1,12,Direct,tablet
2017-05-01,1019.18,8,8,215,Organic Search,desktop
2017-05-01,24.57,1,1,20,Organic Search,mobile
2017-05-01,35.98,1,1,14,Paid Search,desktop
2017-05-01,3443.82,27,27,465,Referral,desktop
2017-05-01,201.54,4,4,64,Social,desktop
2017-05-02,2146.07,36,31,640,Direct,desktop
2017-05-02,27.19,1,1,13,Display,desktop
2017-05-02,653.72,11,11,254,Organic Search,desktop
2017-05-02,656.19,1,1,37,Paid Search,desktop
2017-05-02,26.38,1,1,22,Paid Search,mobile
2017-05-02,1471.51,22,20,390,Referral,desktop
2017-05-02,67.18,2,2,43,Social,desktop
2017-05-03,1452.48,21,21,301,Direct,desktop
2017-05-03,947.04,2,2,39,Direct,mobile
2017-05-03,972.88,12,12,229,Organic Search,desktop
2017-05-03,49.94,2,2,60,Organic Search,mobile
2017-05-03,83.99,1,1,11,Organic Search,tablet
2017-05-03,116.26,2,2,23,Paid Search,desktop
2017-05-03,23.84,1,1,18,Paid Search,mobile
2017-05-03,1504.1,23,23,429,Referral,desktop
2017-05-03,243.53,6,6,76,Social,desktop
2017-05-04,612.79,13,12,200,Direct,desktop
2017-05-04,69.97,2,2,39,Direct,mobile
2017-05-04,536.01,8,8,200,Organic Search,desktop
2017-05-04,29.97,2,2,28,Organic Search,mobile
2017-05-04,1441.78,18,18,336,Referral,desktop
2017-05-04,366.15,6,6,113,Social,desktop
2017-05-05,1887.61,9,8,225,Direct,desktop
2017-05-05,2771.11,1,1,51,Display,desktop
2017-05-05,811.51,12,12,304,Organic Search,desktop
2017-05-05,12.98,1,1,16,Organic Search,tablet
2017-05-05,1549.47,12,12,293,Referral,desktop
2017-05-05,67.18,1,1,10,Social,desktop
2017-05-06,156.76,2,2,34,Direct,mobile
2017-05-06,145.11,5,5,107,Organic Search,desktop
2017-05-06,149.09,1,1,74,Organic Search,tablet
2017-05-06,184.41,1,1,26,Paid Search,mobile
2017-05-06,187.99,3,3,52,Referral,desktop
2017-05-07,369.49,2,2,32,Direct,desktop
2017-05-07,248.72,4,4,95,Organic Search,desktop
2017-05-07,21.27,1,1,27,Organic Search,mobile
2017-05-07,37.98,1,1,14,Paid Search,tablet
2017-05-07,593.06,3,3,142,Referral,desktop
2017-05-08,1268.62,12,12,200,Direct,desktop
2017-05-08,1976.67,17,14,401,Organic Search,desktop
2017-05-08,173.24,2,2,57,Organic Search,mobile
2017-05-08,478.48,1,1,15,Paid Search,tablet
2017-05-08,1169.79,18,16,363,Referral,desktop
2017-05-08,100.77,3,3,41,Social,desktop
2017-05-09,684.99,6,6,75,Direct,desktop
2017-05-09,47.1,1,1,36,Display,desktop
2017-05-09,1748.02,6,6,172,Organic Search,desktop
2017-05-09,620.93,2,2,83,Paid Search,desktop
2017-05-09,4164.1,30,29,628,Referral,desktop
2017-05-09,30.28,1,1,24,Referral,mobile
2017-05-09,33.59,1,1,10,Social,desktop
2017-05-10,1663.2,7,7,123,Direct,desktop
2017-05-10,1452.67,12,12,289,Organic Search,desktop
2017-05-10,149.19,2,2,57,Organic Search,mobile
2017-05-10,507.55,1,1,19,Paid Search,desktop
2017-05-10,1751.47,17,17,336,Referral,desktop
2017-05-10,44.79,1,1,10,Social,desktop
2017-05-11,1286.63,15,14,373,Direct,desktop
2017-05-11,109.39,1,1,21,Display,desktop
2017-05-11,868.17,11,11,187,Organic Search,desktop
2017-05-11,9.99,1,1,15,Organic Search,mobile
2017-05-11,1864.32,18,17,357,Referral,desktop
2017-05-12,997.39,17,17,315,Direct,desktop
2017-05-12,339.6,1,1,11,Direct,mobile
2017-05-12,490.29,11,11,260,Organic Search,desktop
2017-05-12,35.98,2,2,32,Organic Search,mobile
2017-05-12,15.39,1,1,22,Paid Search,desktop
2017-05-12,4764.81,21,21,434,Referral,desktop
2017-05-12,33.59,1,1,19,Social,desktop
2017-05-13,984.62,7,7,152,Direct,desktop
2017-05-13,260.95,4,4,108,Organic Search,desktop
2017-05-13,170.92,2,2,68,Organic Search,mobile
2017-05-13,64.08,2,2,53,Paid Search,desktop
2017-05-13,708.5,8,8,202,Referral,desktop
2017-05-14,33.59,1,1,16,Direct,desktop
2017-05-14,358.45,5,5,143,Organic Search,desktop
2017-05-14,29.97,1,1,18,Organic Search,mobile
2017-05-14,239.08,3,3,158,Referral,desktop
2017-05-15,651.11,4,4,103,Direct,desktop
2017-05-15,12.99,1,1,13,Direct,mobile
2017-05-15,1372.09,15,15,266,Organic Search,desktop
2017-05-15,1373.62,16,16,299,Referral,desktop
2017-05-15,7.97,1,1,17,Social,desktop
2017-05-16,1844.75,13,12,233,Direct,desktop
2017-05-16,1636.29,19,19,447,Organic Search,desktop
2017-05-16,22.27,2,2,31,Organic Search,mobile
2017-05-16,2327.12,19,18,420,Referral,desktop
2017-05-17,2642.61,7,7,239,Direct,desktop
2017-05-17,76.96,2,2,40,Direct,mobile
2017-05-17,485.99,9,7,152,Organic Search,desktop
2017-05-17,50.97,3,3,54,Organic Search,mobile
2017-05-17,86.84,3,3,45,Paid Search,desktop
2017-05-17,38.98,1,1,20,Paid Search,mobile
2017-05-17,1175.19,15,14,316,Referral,desktop
2017-05-17,11.98,1,1,25,Social,desktop
2017-05-18,528.53,6,6,119,Direct,desktop
2017-05-18,1173.36,13,13,315,Organic Search,desktop
2017-05-18,49.97,3,3,47,Organic Search,mobile
2017-05-18,33.27,2,2,39,Paid Search,mobile
2017-05-18,1781.16,11,10,192,Referral,desktop
2017-05-19,955.06,11,9,286,Direct,desktop
2017-05-19,35.68,1,1,11,Direct,mobile
2017-05-19,1607.63,10,10,247,Organic Search,desktop
2017-05-19,66.26,2,2,47,Organic Search,mobile
2017-05-19,8.98,1,1,16,Paid Search,desktop
2017-05-19,1703.61,16,16,405,Referral,desktop
2017-05-20,572.92,15,15,290,Direct,desktop
2017-05-20,34.95,4,4,52,Direct,mobile
2017-05-20,6.99,1,1,11,Direct,tablet
2017-05-20,111.7,2,2,31,Organic Search,desktop
2017-05-20,18.96,2,2,36,Organic Search,mobile
2017-05-20,71.94,2,2,53,Paid Search,desktop
2017-05-20,6.99,1,1,20,Paid Search,mobile
2017-05-20,83.96,2,2,50,Referral,desktop
2017-05-20,15.98,1,1,22,Social,mobile
2017-05-21,120.14,5,5,78,Direct,desktop
2017-05-21,20.97,2,2,22,Direct,mobile
2017-05-21,13.99,1,1,17,Direct,tablet
2017-05-21,178.06,4,4,127,Organic Search,desktop
2017-05-21,43.96,1,1,20,Organic Search,mobile
2017-05-21,23.88,1,1,19,Paid Search,desktop
2017-05-21,541.11,8,8,293,Referral,desktop
2017-05-22,746.54,7,6,132,Direct,desktop
2017-05-22,38.98,1,1,27,Display,mobile
2017-05-22,110.96,2,2,37,Organic Search,desktop
2017-05-22,960.76,15,14,376,Referral,desktop
2017-05-23,1285.47,7,7,185,Direct,desktop
2017-05-23,41.59,1,1,19,Display,desktop
2017-05-23,933.68,6,6,156,Organic Search,desktop
2017-05-23,72.27,1,1,23,Organic Search,mobile
2017-05-23,21.99,1,1,16,Organic Search,tablet
2017-05-23,89.6,2,2,72,Paid Search,desktop
2017-05-23,2037.61,15,14,408,Referral,desktop
2017-05-24,780.85,7,7,121,Direct,desktop
2017-05-24,572.73,8,8,228,Organic Search,desktop
2017-05-24,19.99,1,1,21,Organic Search,mobile
2017-05-24,23.76,1,1,14,Organic Search,tablet
2017-05-24,40.97,1,1,28,Paid Search,mobile
2017-05-24,3386.02,18,18,474,Referral,desktop
2017-05-25,188.49,5,5,95,Direct,desktop
2017-05-25,20.49,1,1,28,Direct,mobile
2017-05-25,946.01,11,11,269,Organic Search,desktop
2017-05-25,1178.76,18,18,417,Referral,desktop
2017-05-26,876.49,4,4,113,Direct,desktop
2017-05-26,137.51,2,2,76,Direct,mobile
2017-05-26,409.96,1,1,32,Display,desktop
2017-05-26,84.0,1,1,16,Organic Search,desktop
2017-05-26,19.97,1,1,22,Organic Search,mobile
2017-05-26,61.08,1,1,14,Paid Search,desktop
2017-05-26,36.98,1,1,13,Paid Search,mobile
2017-05-26,2497.31,18,18,369,Referral,desktop
2017-05-26,114.47,2,2,45,Social,desktop
2017-05-27,222.04,4,4,63,Direct,desktop
2017-05-27,419.94,5,5,143,Organic Search,desktop
2017-05-27,20.98,2,2,27,Organic Search,mobile
2017-05-27,39.87,1,1,18,Paid Search,desktop
2017-05-27,55.99,1,1,19,Paid Search,mobile
2017-05-27,355.65,2,2,49,Referral,desktop
2017-05-27,49.99,1,1,17,Social,mobile
2017-05-28,51.82,2,2,59,Direct,desktop
2017-05-28,24.49,1,1,32,Direct,mobile
2017-05-28,20.49,2,2,51,Organic Search,mobile
2017-05-28,188.19,4,4,99,Referral,desktop
2017-05-29,27.18,1,1,17,Direct,desktop
2017-05-29,30.79,1,1,17,Direct,mobile
2017-05-29,280.79,5,5,145,Organic Search,desktop
2017-05-29,56.2,1,1,24,Paid Search,desktop
2017-05-29,791.39,9,9,337,Referral,desktop
2017-05-29,47.99,1,1,14,Social,desktop
2017-05-30,2319.31,8,8,169,Direct,desktop
2017-05-30,916.22,10,9,187,Organic Search,desktop
2017-05-30,267.9,2,2,44,Paid Search,desktop
2017-05-30,2187.69,21,20,494,Referral,desktop
2017-05-31,1128.83,8,8,206,Direct,desktop
2017-05-31,772.51,9,8,192,Organic Search,desktop
2017-05-31,8418.04,36,22,648,Referral,desktop
2017-05-31,104.21,1,1,7,Social,desktop
2017-06-01,272.07,3,3,46,Direct,desktop
2017-06-01,111.97,2,2,43,Direct,mobile
2017-06-01,234.4,1,1,24,Display,desktop
2017-06-01,596.28,6,6,121,Organic Search,desktop
2017-06-01,27.97,2,2,57,Organic Search,mobile
2017-06-01,27.98,1,1,19,Organic Search,tablet
2017-06-01,10.99,1,1,20,Paid Search,desktop
2017-06-01,1610.07,19,19,465,Referral,desktop
2017-06-02,496.79,4,4,122,Direct,desktop
2017-06-02,6.99,1,1,17,Direct,mobile
2017-06-02,1424.25,1,1,13,Display,desktop
2017-06-02,410.11,7,7,160,Organic Search,desktop
2017-06-02,18.27,1,1,37,Organic Search,mobile
2017-06-02,131.16,5,5,136,Paid Search,desktop
2017-06-02,2025.3,18,17,356,Referral,desktop
2017-06-03,596.24,3,3,72,Direct,desktop
2017-06-03,28.48,1,1,21,Direct,tablet
2017-06-03,2.99,1,1,23,Organic Search,desktop
2017-06-03,57.92,2,2,37,Organic Search,mobile
2017-06-03,26.58,1,1,11,Paid Search,desktop
2017-06-03,479.0,1,1,33,Paid Search,tablet
2017-06-03,387.32,6,6,125,Referral,desktop
2017-06-04,114.05,3,3,77,Direct,desktop
2017-06-04,163.14,5,5,92,Organic Search,desktop
2017-06-04,916.41,7,7,184,Referral,desktop
2017-06-05,216.4,4,4,65,Direct,desktop
2017-06-05,2.99,1,1,17,Direct,mobile
2017-06-05,1000.47,9,9,196,Organic Search,desktop
2017-06-05,27.48,2,2,41,Organic Search,mobile
2017-06-05,2846.31,19,19,433,Referral,desktop
2017-06-06,392.32,3,3,50,Direct,desktop
2017-06-06,16.99,1,1,19,Direct,mobile
2017-06-06,734.79,9,9,137,Organic Search,desktop
2017-06-06,24.97,1,1,30,Organic Search,mobile
2017-06-06,66.04,2,2,42,Paid Search,desktop
2017-06-06,1208.72,13,13,329,Referral,desktop
2017-06-07,682.2,8,8,177,Direct,desktop
2017-06-07,155.96,1,1,15,Display,mobile
2017-06-07,579.58,5,5,125,Organic Search,desktop
2017-06-07,20.97,2,2,42,Organic Search,mobile
2017-06-07,27.98,2,2,34,Paid Search,desktop
2017-06-07,33.98,1,1,14,Paid Search,mobile
2017-06-07,1565.65,19,18,495,Referral,desktop
2017-06-08,746.44,5,5,117,Direct,desktop
2017-06-08,197.4,4,2,122,Display,desktop
2017-06-08,83.91,2,2,49,Organic Search,desktop
2017-06-08,41.98,1,1,10,Paid Search,desktop
2017-06-08,18.99,1,1,28,Paid Search,mobile
2017-06-08,1403.13,12,12,202,Referral,desktop
2017-06-08,10.99,1,1,39,Social,desktop
2017-06-09,868.08,7,7,109,Direct,desktop
2017-06-09,25.77,2,1,33,Display,desktop
2017-06-09,663.18,7,7,135,Organic Search,desktop
2017-06-09,36.48,1,1,40,Organic Search,mobile
2017-06-09,140.86,2,2,73,Organic Search,tablet
2017-06-09,2175.7,17,17,397,Referral,desktop
2017-06-10,127.12,1,1,61,Direct,desktop
2017-06-10,119.98,1,1,21,Organic Search,desktop
2017-06-10,17.97,1,1,40,Paid Search,desktop
2017-06-10,56.97,1,1,24,Paid Search,mobile
2017-06-10,388.9,9,8,167,Referral,desktop
2017-06-11,101.59,6,3,105,Direct,desktop
2017-06-11,501.43,9,9,278,Organic Search,desktop
2017-06-11,115.91,4,4,78,Organic Search,mobile
2017-06-11,335.78,10,10,171,Referral,desktop
2017-06-12,1077.33,10,10,177,Direct,desktop
2017-06-12,15.96,1,1,33,Direct,mobile
2017-06-12,4586.77,20,20,540,Organic Search,desktop
2017-06-12,101.23,1,1,29,Organic Search,mobile
2017-06-12,13.29,1,1,25,Organic Search,tablet
2017-06-12,847.73,2,2,45,Paid Search,desktop
2017-06-12,5847.71,26,26,623,Referral,desktop
2017-06-13,2169.47,4,4,99,Direct,desktop
2017-06-13,1135.93,12,12,250,Organic Search,desktop
2017-06-13,137.65,1,1,30,Organic Search,mobile
2017-06-13,292.31,3,3,48,Paid Search,desktop
2017-06-13,2062.15,27,27,580,Referral,desktop
2017-06-13,5.48,1,1,33,Social,desktop
2017-06-14,1306.72,4,4,100,Direct,desktop
2017-06-14,30.96,2,2,31,Direct,mobile
2017-06-14,2332.56,1,1,15,Display,desktop
2017-06-14,1772.42,7,7,195,Organic Search,desktop
2017-06-14,638.37,2,2,54,Paid Search,desktop
2017-06-14,62.94,2,2,66,Paid Search,mobile
2017-06-14,2865.44,28,27,610,Referral,desktop
2017-06-15,869.2,6,5,100,Direct,desktop
2017-06-15,56.65,2,2,43,Direct,mobile
2017-06-15,763.57,6,6,170,Organic Search,desktop
2017-06-15,33.93,1,1,26,Organic Search,mobile
2017-06-15,124.93,1,1,29,Paid Search,mobile
2017-06-15,56.97,1,1,29,Paid Search,tablet
2017-06-15,4136.67,19,19,401,Referral,desktop
2017-06-16,174.51,3,3,46,Direct,desktop
2017-06-16,655.2,9,9,171,Organic Search,desktop
2017-06-16,93.12,3,3,92,Organic Search,mobile
2017-06-16,57.26,1,1,26,Paid Search,mobile
2017-06-16,4813.51,20,20,484,Referral,desktop
2017-06-17,1409.44,7,7,143,Organic Search,desktop
2017-06-17,39.99,1,1,20,Organic Search,tablet
2017-06-17,27.93,1,1,39,Paid Search,desktop
2017-06-17,10.99,1,1,18,Paid Search,mobile
2017-06-17,422.23,8,8,161,Referral,desktop
2017-06-18,1011.69,3,3,66,Direct,desktop
2017-06-18,233.15,6,6,136,Organic Search,desktop
2017-06-18,94.93,3,3,82,Paid Search,desktop
2017-06-18,868.73,16,13,391,Referral,desktop
2017-06-19,197.33,4,4,118,Direct,desktop
2017-06-19,7141.02,6,6,162,Organic Search,desktop
2017-06-19,138.79,2,2,50,Organic Search,mobile
2017-06-19,165.38,2,2,38,Paid Search,desktop
2017-06-19,1334.07,27,25,566,Referral,desktop
2017-06-20,1239.16,7,6,217,Direct,desktop
2017-06-20,43.37,1,1,44,Direct,mobile
2017-06-20,693.66,4,4,128,Organic Search,desktop
2017-06-20,13.29,1,1,30,Organic Search,mobile
2017-06-20,39.96,2,2,44,Organic Search,tablet
2017-06-20,219.19,2,2,38,Paid Search,desktop
2017-06-20,1943.81,19,19,488,Referral,desktop
2017-06-21,5670.93,4,4,77,Direct,desktop
2017-06-21,313.26,2,2,28,Direct,mobile
2017-06-21,375.11,5,5,129,Organic Search,desktop
2017-06-21,97.55,3,3,55,Organic Search,mobile
2017-06-21,157.03,1,1,18,Paid Search,desktop
2017-06-21,22.95,1,1,39,Paid Search,mobile
2017-06-21,1735.46,20,17,406,Referral,desktop
2017-06-21,56.85,1,1,31,Referral,tablet
2017-06-22,175.31,2,2,53,Direct,desktop
2017-06-22,624.06,9,9,169,Organic Search,desktop
2017-06-22,108.38,1,1,76,Organic Search,tablet
2017-06-22,87.5,1,1,17,Paid Search,desktop
2017-06-22,1430.64,22,22,592,Referral,desktop
2017-06-22,33.59,1,1,15,Social,desktop
2017-06-23,113.52,1,1,15,Direct,desktop
2017-06-23,9.98,1,1,28,Direct,mobile
2017-06-23,33.98,1,1,12,Display,desktop
2017-06-23,135.58,5,4,85,Organic Search,desktop
2017-06-23,20.28,2,2,36,Organic Search,mobile
2017-06-23,7.48,1,1,16,Paid Search,desktop
2017-06-23,1719.39,18,16,390,Referral,desktop
2017-06-24,60.73,1,1,36,Direct,desktop
2017-06-24,132.41,2,2,46,Organic Search,desktop
2017-06-24,50.86,2,2,46,Organic Search,mobile
2017-06-24,135.93,4,4,138,Paid Search,desktop
2017-06-24,4.99,1,1,25,Paid Search,mobile
2017-06-25,7.48,1,1,22,Direct,desktop
2017-06-25,167.79,5,5,127,Organic Search,desktop
2017-06-25,226.66,3,3,74,Paid Search,desktop
2017-06-25,369.96,10,10,266,Referral,desktop
2017-06-26,269.62,3,3,48,Direct,desktop
2017-06-26,717.12,13,13,354,Organic Search,desktop
2017-06-26,35.0,1,1,15,Organic Search,mobile
2017-06-26,39.98,1,1,21,Organic Search,tablet
2017-06-26,95.97,1,1,17,Paid Search,desktop
2017-06-26,524.36,12,12,254,Referral,desktop
2017-06-26,79.93,1,1,25,Referral,mobile
2017-06-27,475.66,6,6,149,Direct,desktop
2017-06-27,1107.34,7,7,223,Organic Search,desktop
2017-06-27,164.47,3,3,88,Organic Search,mobile
2017-06-27,80.84,1,1,21,Organic Search,tablet
2017-06-27,22.98,1,1,45,Paid Search,desktop
2017-06-27,2008.02,22,22,564,Referral,desktop
2017-06-28,4346.67,4,4,82,Direct,desktop
2017-06-28,450.63,1,1,37,Direct,mobile
2017-06-28,19.99,1,1,15,Direct,tablet
2017-06-28,2495.0,1,1,11,Display,desktop
2017-06-28,766.26,10,10,280,Organic Search,desktop
2017-06-28,94.48,2,2,46,Paid Search,desktop
2017-06-28,730.54,12,12,324,Referral,desktop
2017-06-29,904.74,5,5,90,Direct,desktop
2017-06-29,18.99,1,1,12,Direct,mobile
2017-06-29,1735.45,8,8,199,Organic Search,desktop
2017-06-29,24.28,1,1,41,Organic Search,mobile
2017-06-29,44.97,1,1,29,Paid Search,desktop
2017-06-29,16.99,1,1,30,Paid Search,mobile
2017-06-29,1790.07,26,25,535,Referral,desktop
2017-06-29,56.37,2,2,52,Social,desktop
2017-06-30,56.96,2,2,72,Direct,mobile
2017-06-30,1196.74,1,1,30,Display,desktop
2017-06-30,1051.93,8,8,189,Organic Search,desktop
2017-06-30,40.97,2,2,35,Paid Search,desktop
2017-06-30,1635.39,21,20,546,Referral,desktop
2017-07-01,84.54,3,3,87,Organic Search,desktop
2017-07-02,15.19,1,1,13,Display,desktop
2017-07-02,502.17,4,4,89,Organic Search,desktop
2017-07-02,58.97,1,1,19,Organic Search,tablet
2017-07-02,31.48,1,1,22,Paid Search,mobile
2017-07-02,27.18,1,1,14,Referral,desktop
2017-07-03,38.48,1,1,25,Direct,mobile
2017-07-03,498.32,4,3,70,Organic Search,desktop
2017-07-03,18.99,1,1,20,Organic Search,mobile
2017-07-03,37.98,1,1,19,Organic Search,tablet
2017-07-03,632.04,8,7,196,Referral,desktop
2017-07-04,68.53,1,1,24,Direct,desktop
2017-07-04,94.82,2,2,87,Organic Search,desktop
2017-07-04,101.95,2,2,57,Organic Search,mobile
2017-07-04,114.68,2,2,55,Referral,desktop
2017-07-05,4326.64,5,4,150,Direct,desktop
2017-07-05,1524.29,11,11,251,Organic Search,desktop
2017-07-05,34.38,1,1,13,Organic Search,mobile
2017-07-05,88.96,4,4,63,Paid Search,desktop
2017-07-05,49.98,1,1,12,Paid Search,mobile
2017-07-05,2005.11,20,20,484,Referral,desktop
2017-07-06,142.38,3,3,57,Direct,desktop
2017-07-06,974.42,4,4,93,Organic Search,desktop
2017-07-06,2767.05,24,23,587,Referral,desktop
2017-07-07,233.85,1,1,22,Affiliates,desktop
2017-07-07,1268.45,7,6,164,Direct,desktop
2017-07-07,623.31,8,8,228,Organic Search,desktop
2017-07-07,56.97,2,2,25,Organic Search,mobile
2017-07-07,29.98,1,1,31,Paid Search,desktop
2017-07-07,2110.47,20,19,453,Referral,desktop
2017-07-07,15.99,1,1,17,Referral,tablet
2017-07-08,18.99,1,1,9,Direct,desktop
2017-07-08,172.07,5,5,146,Organic Search,desktop
2017-07-08,38.97,3,3,41,Organic Search,mobile
2017-07-08,221.94,4,4,82,Referral,desktop
2017-07-08,2.99,1,1,10,Social,mobile
2017-07-09,32.38,1,1,61,Direct,desktop
2017-07-09,336.21,10,10,333,Organic Search,desktop
2017-07-09,14.0,1,1,19,Organic Search,tablet
2017-07-09,163.03,1,1,61,Paid Search,desktop
2017-07-09,205.48,6,6,162,Referral,desktop
2017-07-10,1926.41,7,7,143,Direct,desktop
2017-07-10,836.42,11,11,306,Organic Search,desktop
2017-07-10,37.98,1,1,16,Organic Search,mobile
2017-07-10,39.87,1,1,21,Paid Search,mobile
2017-07-10,1877.39,27,24,580,Referral,desktop
2017-07-11,248.49,2,2,49,Direct,desktop
2017-07-11,44.37,1,1,14,Direct,tablet
2017-07-11,189.84,2,2,32,Display,desktop
2017-07-11,1227.81,8,7,160,Organic Search,desktop
2017-07-11,25.89,1,1,16,Organic Search,mobile
2017-07-11,129.44,2,2,77,Paid Search,desktop
2017-07-11,57.03,1,1,44,Paid Search,mobile
2017-07-11,3446.77,25,24,536,Referral,desktop
2017-07-12,6.0,1,1,29,Affiliates,mobile
2017-07-12,911.23,4,4,111,Direct,desktop
2017-07-12,44.77,2,2,29,Display,desktop
2017-07-12,436.95,13,13,316,Organic Search,desktop
2017-07-12,24.07,1,1,52,Organic Search,mobile
2017-07-12,159.47,3,3,53,Paid Search,desktop
2017-07-12,1566.85,25,24,671,Referral,desktop
2017-07-13,226.87,1,1,42,Affiliates,desktop
2017-07-13,2943.85,9,8,237,Direct,desktop
2017-07-13,13.29,1,1,15,Direct,mobile
2017-07-13,932.18,16,16,418,Organic Search,desktop
2017-07-13,129.91,3,3,48,Organic Search,mobile
2017-07-13,197.45,4,3,53,Paid Search,desktop
2017-07-13,1.99,1,1,12,Paid Search,mobile
2017-07-13,1653.04,30,29,660,Referral,desktop
2017-07-14,552.09,5,5,110,Direct,desktop
2017-07-14,157.32,2,2,43,Display,desktop
2017-07-14,615.14,6,5,129,Organic Search,desktop
2017-07-14,53.96,2,2,57,Organic Search,mobile
2017-07-14,109.99,1,1,19,Paid Search,desktop
2017-07-14,2721.86,30,28,793,Referral,desktop
2017-07-14,18.48,1,1,14,Referral,mobile
2017-07-15,58.88,2,2,36,Direct,desktop
2017-07-15,146.21,3,3,83,Direct,mobile
2017-07-15,120.38,2,2,80,Organic Search,desktop
2017-07-15,36.98,1,1,34,Organic Search,mobile
2017-07-15,30.48,1,1,25,Paid Search,desktop
2017-07-15,276.23,6,6,188,Referral,desktop
2017-07-15,71.56,1,1,40,Referral,mobile
2017-07-16,178.3,7,7,165,Organic Search,desktop
2017-07-16,85.48,3,3,67,Organic Search,mobile
2017-07-16,28.48,1,1,15,Paid Search,desktop
2017-07-16,1456.46,17,16,508,Referral,desktop
2017-07-17,866.69,4,4,121,Direct,desktop
2017-07-17,0.99,2,1,40,Display,mobile
2017-07-17,1280.83,13,13,408,Organic Search,desktop
2017-07-17,13.9,1,1,16,Paid Search,tablet
2017-07-17,2454.36,33,30,844,Referral,desktop
2017-07-18,10880.28,9,8,225,Direct,desktop
2017-07-18,79.67,1,1,37,Direct,mobile
2017-07-18,182.18,1,1,28,Display,desktop
2017-07-18,1808.78,14,14,310,Organic Search,desktop
2017-07-18,283.44,7,7,228,Organic Search,mobile
2017-07-18,52.85,2,2,45,Paid Search,desktop
2017-07-18,3715.76,17,17,364,Referral,desktop
2017-07-19,20.99,1,1,19,Affiliates,desktop
2017-07-19,766.87,5,5,148,Direct,desktop
2017-07-19,282.0,1,1,20,Display,desktop
2017-07-19,790.99,11,10,304,Organic Search,desktop
2017-07-19,131.43,4,4,107,Organic Search,mobile
2017-07-19,239.25,2,2,68,Paid Search,desktop
2017-07-19,128.98,3,3,56,Paid Search,mobile
2017-07-19,3651.3,28,28,649,Referral,desktop
2017-07-19,23.0,1,1,30,Referral,tablet
2017-07-19,3.49,1,1,26,Social,desktop
2017-07-20,495.36,4,4,63,Direct,desktop
2017-07-20,31.96,1,1,25,Direct,mobile
2017-07-20,60.25,2,2,38,Direct,tablet
2017-07-20,945.54,7,7,163,Organic Search,desktop
2017-07-20,93.09,2,2,50,Organic Search,mobile
2017-07-20,129.98,3,2,117,Paid Search,desktop
2017-07-20,99.99,1,1,22,Paid Search,mobile
2017-07-20,2832.53,21,21,474,Referral,desktop
2017-07-21,1084.05,3,2,97,Direct,desktop
2017-07-21,167.78,3,3,66,Display,desktop
2017-07-21,837.26,11,11,322,Organic Search,desktop
2017-07-21,79.41,3,3,60,Organic Search,mobile
2017-07-21,239.88,1,1,15,Paid Search,desktop
2017-07-21,1195.5,21,21,505,Referral,desktop
2017-07-22,111.44,2,2,30,Direct,desktop
2017-07-22,303.41,1,1,19,Display,mobile
2017-07-22,570.38,3,3,107,Organic Search,desktop
2017-07-22,115.9,1,1,33,Organic Search,mobile
2017-07-22,126.89,2,1,26,Paid Search,desktop
2017-07-22,1166.98,9,9,248,Referral,desktop
2017-07-23,24.96,2,2,27,Direct,desktop
2017-07-23,23.98,2,2,41,Direct,mobile
2017-07-23,242.13,6,6,212,Organic Search,desktop
2017-07-23,1955.85,6,6,153,Referral,desktop
2017-07-24,370.21,3,3,57,Direct,desktop
2017-07-24,32.28,1,1,29,Direct,mobile
2017-07-24,283.48,8,8,112,Organic Search,desktop
2017-07-24,107.14,3,3,98,Organic Search,mobile
2017-07-24,161.93,1,1,31,Organic Search,tablet
2017-07-24,73.47,1,1,56,Paid Search,desktop
2017-07-24,789.08,1,1,21,Paid Search,mobile
2017-07-24,2598.03,22,20,505,Referral,desktop
2017-07-25,176.62,3,3,88,Direct,desktop
2017-07-25,11.5,1,1,18,Direct,mobile
2017-07-25,32.78,2,1,47,Display,desktop
2017-07-25,1536.0,9,9,193,Organic Search,desktop
2017-07-25,21.3,1,1,14,Organic Search,mobile
2017-07-25,24.99,1,1,21,Organic Search,tablet
2017-07-25,32.77,2,2,69,Paid Search,mobile
2017-07-25,3404.77,19,18,426,Referral,desktop
2017-07-26,842.51,5,5,133,Direct,desktop
2017-07-26,45.01,2,2,64,Display,desktop
2017-07-26,1040.04,10,10,216,Organic Search,desktop
2017-07-26,6.0,1,1,11,Organic Search,mobile
2017-07-26,46.27,1,1,36,Paid Search,desktop
2017-07-26,2660.62,23,22,642,Referral,desktop
2017-07-27,1460.08,7,7,162,Direct,desktop
2017-07-27,149.9,1,1,18,Display,desktop
2017-07-27,1125.46,13,13,429,Organic Search,desktop
2017-07-27,93.7,3,2,46,Organic Search,mobile
2017-07-27,9.49,1,1,20,Organic Search,tablet
2017-07-27,122.73,2,2,45,Paid Search,desktop
2017-07-27,1387.02,25,23,514,Referral,desktop
2017-07-28,805.18,8,4,121,Direct,desktop
2017-07-28,33.76,1,1,18,Display,desktop
2017-07-28,590.17,8,8,167,Organic Search,desktop
2017-07-28,154.25,3,3,72,Organic Search,mobile
2017-07-28,125.43,3,3,87,Paid Search,desktop
2017-07-28,94.48,1,1,24,Paid Search,mobile
2017-07-28,2906.17,22,22,702,Referral,desktop
2017-07-29,245.99,1,1,27,Direct,desktop
2017-07-29,219.62,7,7,191,Organic Search,desktop
2017-07-29,22.99,1,1,21,Organic Search,mobile
2017-07-29,29.28,1,1,33,Organic Search,tablet
2017-07-29,28.38,1,1,20,Paid Search,desktop
2017-07-29,498.75,8,8,186,Referral,desktop
2017-07-30,110.75,1,1,29,Direct,desktop
2017-07-30,917.06,2,2,87,Direct,mobile
2017-07-30,144.09,4,4,101,Organic Search,desktop
2017-07-30,138.85,3,3,145,Organic Search,mobile
2017-07-30,38.79,1,1,33,Paid Search,desktop
2017-07-30,51.89,2,2,57,Paid Search,mobile
2017-07-30,852.73,9,9,250,Referral,desktop
2017-07-31,2467.27,8,8,202,Direct,desktop
2017-07-31,1279.41,3,3,82,Direct,mobile
2017-07-31,3629.34,12,12,373,Organic Search,desktop
2017-07-31,57.27,3,3,68,Organic Search,mobile
2017-07-31,3982.15,36,35,983,Referral,desktop
2017-08-01,2520.92,7,7,193,Direct,desktop
2017-08-01,2.99,1,1,18,Direct,mobile
2017-08-01,35.29,1,1,5,Display,desktop
2017-08-01,679.25,5,5,215,Organic Search,desktop
2017-08-01,13.29,1,1,29,Organic Search,mobile
2017-08-01,82.48,1,1,20,Paid Search,desktop
2017-08-01,4970.72,29,27,796,Referral,desktop